id,path,instance,initial_closed,open_sync,close_sync,closed_blocks_CC,open_passes_CC,interaction_detects_closed,interaction_detects_open
0,Dorm_Building/Floor_1/Common/Laundry/Door,H,True,True,True,True,True,True,True
0,Dorm_Building/Floor_1/Common/Laundry/Door,C1,True,True,True,True,True,True,True
0,Dorm_Building/Floor_1/Common/Laundry/Door,C2,True,True,True,True,True,True,True
1,Dorm_Building/Floor_1/Common/Lobby/Door_Main_Left,H,True,True,True,True,True,True,True
1,Dorm_Building/Floor_1/Common/Lobby/Door_Main_Left,C1,True,True,True,True,True,True,True
1,Dorm_Building/Floor_1/Common/Lobby/Door_Main_Left,C2,True,True,True,True,True,True,True
2,Dorm_Building/Floor_1/Common/Lobby/Door_Main_Right,H,True,True,True,True,True,True,True
2,Dorm_Building/Floor_1/Common/Lobby/Door_Main_Right,C1,True,True,True,True,True,True,True
2,Dorm_Building/Floor_1/Common/Lobby/Door_Main_Right,C2,True,True,True,True,True,True,True
3,Dorm_Building/Floor_1/Rooms/Room_101/Bathroom/Door_Bathroom,H,True,True,True,True,True,True,True
3,Dorm_Building/Floor_1/Rooms/Room_101/Bathroom/Door_Bathroom,C1,True,True,True,True,True,True,True
3,Dorm_Building/Floor_1/Rooms/Room_101/Bathroom/Door_Bathroom,C2,True,True,True,True,True,True,True
4,Dorm_Building/Floor_1/Rooms/Room_101/Door_Entry,H,True,True,True,True,True,True,True
4,Dorm_Building/Floor_1/Rooms/Room_101/Door_Entry,C1,True,True,True,True,True,True,True
4,Dorm_Building/Floor_1/Rooms/Room_101/Door_Entry,C2,True,True,True,True,True,True,True
5,Dorm_Building/Floor_1/Rooms/Room_102/Bathroom/Door_Bathroom,H,True,True,True,True,True,True,True
5,Dorm_Building/Floor_1/Rooms/Room_102/Bathroom/Door_Bathroom,C1,True,True,True,True,True,True,True
5,Dorm_Building/Floor_1/Rooms/Room_102/Bathroom/Door_Bathroom,C2,True,True,True,True,True,True,True
6,Dorm_Building/Floor_1/Rooms/Room_102/Door_Entry,H,True,True,True,True,True,True,True
6,Dorm_Building/Floor_1/Rooms/Room_102/Door_Entry,C1,True,True,True,True,True,True,True
6,Dorm_Building/Floor_1/Rooms/Room_102/Door_Entry,C2,True,True,True,True,True,True,True
7,Dorm_Building/Floor_1/Rooms/Room_103/Bathroom/Door_Bathroom,H,True,True,True,True,True,True,True
7,Dorm_Building/Floor_1/Rooms/Room_103/Bathroom/Door_Bathroom,C1,True,True,True,True,True,True,True
7,Dorm_Building/Floor_1/Rooms/Room_103/Bathroom/Door_Bathroom,C2,True,True,True,True,True,True,True
8,Dorm_Building/Floor_1/Rooms/Room_103/Door_Entry,H,True,True,True,True,True,True,True
8,Dorm_Building/Floor_1/Rooms/Room_103/Door_Entry,C1,True,True,True,True,True,True,True
8,Dorm_Building/Floor_1/Rooms/Room_103/Door_Entry,C2,True,True,True,True,True,True,True
9,Dorm_Building/Floor_1/Rooms/Room_104/Bathroom/Door_Bathroom,H,True,True,True,True,True,True,True
9,Dorm_Building/Floor_1/Rooms/Room_104/Bathroom/Door_Bathroom,C1,True,True,True,True,True,True,True
9,Dorm_Building/Floor_1/Rooms/Room_104/Bathroom/Door_Bathroom,C2,True,True,True,True,True,True,True
10,Dorm_Building/Floor_1/Rooms/Room_104/Door_Entry,H,True,True,True,True,True,True,True
10,Dorm_Building/Floor_1/Rooms/Room_104/Door_Entry,C1,True,True,True,True,True,True,True
10,Dorm_Building/Floor_1/Rooms/Room_104/Door_Entry,C2,True,True,True,True,True,True,True
11,Dorm_Building/Floor_1/Rooms/Room_105/Bathroom/Door_Bathroom,H,True,True,True,True,True,True,True
11,Dorm_Building/Floor_1/Rooms/Room_105/Bathroom/Door_Bathroom,C1,True,True,True,True,True,True,True
11,Dorm_Building/Floor_1/Rooms/Room_105/Bathroom/Door_Bathroom,C2,True,True,True,True,True,True,True
12,Dorm_Building/Floor_1/Rooms/Room_105/Door_Entry,H,True,True,True,True,True,True,True
12,Dorm_Building/Floor_1/Rooms/Room_105/Door_Entry,C1,True,True,True,True,True,True,True
12,Dorm_Building/Floor_1/Rooms/Room_105/Door_Entry,C2,True,True,True,True,True,True,True
13,Dorm_Building/Floor_1/Rooms/Room_106/Bathroom/Door_Bathroom,H,True,True,True,True,True,True,True
13,Dorm_Building/Floor_1/Rooms/Room_106/Bathroom/Door_Bathroom,C1,True,True,True,True,True,True,True
13,Dorm_Building/Floor_1/Rooms/Room_106/Bathroom/Door_Bathroom,C2,True,True,True,True,True,True,True
14,Dorm_Building/Floor_1/Rooms/Room_106/Door_Entry,H,True,True,True,True,True,True,True
14,Dorm_Building/Floor_1/Rooms/Room_106/Door_Entry,C1,True,True,True,True,True,True,True
14,Dorm_Building/Floor_1/Rooms/Room_106/Door_Entry,C2,True,True,True,True,True,True,True
15,Dorm_Building/Floor_1/Rooms/Room_107/Bathroom/Door_Bathroom,H,True,True,True,True,True,True,True
15,Dorm_Building/Floor_1/Rooms/Room_107/Bathroom/Door_Bathroom,C1,True,True,True,True,True,True,True
15,Dorm_Building/Floor_1/Rooms/Room_107/Bathroom/Door_Bathroom,C2,True,True,True,True,True,True,True
16,Dorm_Building/Floor_1/Rooms/Room_107/Door_Entry,H,True,True,True,True,True,True,True
16,Dorm_Building/Floor_1/Rooms/Room_107/Door_Entry,C1,True,True,True,True,True,True,True
16,Dorm_Building/Floor_1/Rooms/Room_107/Door_Entry,C2,True,True,True,True,True,True,True
17,Dorm_Building/Floor_1/Rooms/Room_108/Bathroom/Door_Bathroom,H,True,True,True,True,True,True,True
17,Dorm_Building/Floor_1/Rooms/Room_108/Bathroom/Door_Bathroom,C1,True,True,True,True,True,True,True
17,Dorm_Building/Floor_1/Rooms/Room_108/Bathroom/Door_Bathroom,C2,True,True,True,True,True,True,True
18,Dorm_Building/Floor_1/Rooms/Room_108/Door_Entry,H,True,True,True,True,True,True,True
18,Dorm_Building/Floor_1/Rooms/Room_108/Door_Entry,C1,True,True,True,True,True,True,True
18,Dorm_Building/Floor_1/Rooms/Room_108/Door_Entry,C2,True,True,True,True,True,True,True
19,Dorm_Building/Floor_2/Common/StudyRoom/Door,H,True,True,True,True,True,True,True
19,Dorm_Building/Floor_2/Common/StudyRoom/Door,C1,True,True,True,True,True,True,True
19,Dorm_Building/Floor_2/Common/StudyRoom/Door,C2,True,True,True,True,True,True,True
20,Dorm_Building/Floor_2/Rooms/Room_201/Bathroom/Door_Bathroom,H,True,True,True,True,True,True,True
20,Dorm_Building/Floor_2/Rooms/Room_201/Bathroom/Door_Bathroom,C1,True,True,True,True,True,True,True
20,Dorm_Building/Floor_2/Rooms/Room_201/Bathroom/Door_Bathroom,C2,True,True,True,True,True,True,True
21,Dorm_Building/Floor_2/Rooms/Room_201/Door_Entry,H,True,True,True,True,True,True,True
21,Dorm_Building/Floor_2/Rooms/Room_201/Door_Entry,C1,True,True,True,True,True,True,True
21,Dorm_Building/Floor_2/Rooms/Room_201/Door_Entry,C2,True,True,True,True,True,True,True
22,Dorm_Building/Floor_2/Rooms/Room_202/Bathroom/Door_Bathroom,H,True,True,True,True,True,True,True
22,Dorm_Building/Floor_2/Rooms/Room_202/Bathroom/Door_Bathroom,C1,True,True,True,True,True,True,True
22,Dorm_Building/Floor_2/Rooms/Room_202/Bathroom/Door_Bathroom,C2,True,True,True,True,True,True,True
23,Dorm_Building/Floor_2/Rooms/Room_202/Door_Entry,H,True,True,True,True,True,True,True
23,Dorm_Building/Floor_2/Rooms/Room_202/Door_Entry,C1,True,True,True,True,True,True,True
23,Dorm_Building/Floor_2/Rooms/Room_202/Door_Entry,C2,True,True,True,True,True,True,True
24,Dorm_Building/Floor_2/Rooms/Room_203/Bathroom/Door_Bathroom,H,True,True,True,True,True,True,True
24,Dorm_Building/Floor_2/Rooms/Room_203/Bathroom/Door_Bathroom,C1,True,True,True,True,True,True,True
24,Dorm_Building/Floor_2/Rooms/Room_203/Bathroom/Door_Bathroom,C2,True,True,True,True,True,True,True
25,Dorm_Building/Floor_2/Rooms/Room_203/Door_Entry,H,True,True,True,True,True,True,True
25,Dorm_Building/Floor_2/Rooms/Room_203/Door_Entry,C1,True,True,True,True,True,True,True
25,Dorm_Building/Floor_2/Rooms/Room_203/Door_Entry,C2,True,True,True,True,True,True,True
26,Dorm_Building/Floor_2/Rooms/Room_204/Bathroom/Door_Bathroom,H,True,True,True,True,True,True,True
26,Dorm_Building/Floor_2/Rooms/Room_204/Bathroom/Door_Bathroom,C1,True,True,True,True,True,True,True
26,Dorm_Building/Floor_2/Rooms/Room_204/Bathroom/Door_Bathroom,C2,True,True,True,True,True,True,True
27,Dorm_Building/Floor_2/Rooms/Room_204/Door_Entry,H,True,True,True,True,True,True,True
27,Dorm_Building/Floor_2/Rooms/Room_204/Door_Entry,C1,True,True,True,True,True,True,True
27,Dorm_Building/Floor_2/Rooms/Room_204/Door_Entry,C2,True,True,True,True,True,True,True
28,Dorm_Building/Floor_2/Rooms/Room_205/Bathroom/Door_Bathroom,H,True,True,True,True,True,True,True
28,Dorm_Building/Floor_2/Rooms/Room_205/Bathroom/Door_Bathroom,C1,True,True,True,True,True,True,True
28,Dorm_Building/Floor_2/Rooms/Room_205/Bathroom/Door_Bathroom,C2,True,True,True,True,True,True,True
29,Dorm_Building/Floor_2/Rooms/Room_205/Door_Entry,H,True,True,True,True,True,True,True
29,Dorm_Building/Floor_2/Rooms/Room_205/Door_Entry,C1,True,True,True,True,True,True,True
29,Dorm_Building/Floor_2/Rooms/Room_205/Door_Entry,C2,True,True,True,True,True,True,True
30,Dorm_Building/Floor_2/Rooms/Room_206/Bathroom/Door_Bathroom,H,True,True,True,True,True,True,True
30,Dorm_Building/Floor_2/Rooms/Room_206/Bathroom/Door_Bathroom,C1,True,True,True,True,True,True,True
30,Dorm_Building/Floor_2/Rooms/Room_206/Bathroom/Door_Bathroom,C2,True,True,True,True,True,True,True
31,Dorm_Building/Floor_2/Rooms/Room_206/Door_Entry,H,True,True,True,True,True,True,True
31,Dorm_Building/Floor_2/Rooms/Room_206/Door_Entry,C1,True,True,True,True,True,True,True
31,Dorm_Building/Floor_2/Rooms/Room_206/Door_Entry,C2,True,True,True,True,True,True,True
32,Dorm_Building/Floor_2/Rooms/Room_207/Bathroom/Door_Bathroom,H,True,True,True,True,True,True,True
32,Dorm_Building/Floor_2/Rooms/Room_207/Bathroom/Door_Bathroom,C1,True,True,True,True,True,True,True
32,Dorm_Building/Floor_2/Rooms/Room_207/Bathroom/Door_Bathroom,C2,True,True,True,True,True,True,True
33,Dorm_Building/Floor_2/Rooms/Room_207/Door_Entry,H,True,True,True,True,True,True,True
33,Dorm_Building/Floor_2/Rooms/Room_207/Door_Entry,C1,True,True,True,True,True,True,True
33,Dorm_Building/Floor_2/Rooms/Room_207/Door_Entry,C2,True,True,True,True,True,True,True
34,Dorm_Building/Floor_2/Rooms/Room_208/Bathroom/Door_Bathroom,H,True,True,True,True,True,True,True
34,Dorm_Building/Floor_2/Rooms/Room_208/Bathroom/Door_Bathroom,C1,True,True,True,True,True,True,True
34,Dorm_Building/Floor_2/Rooms/Room_208/Bathroom/Door_Bathroom,C2,True,True,True,True,True,True,True
35,Dorm_Building/Floor_2/Rooms/Room_208/Door_Entry,H,True,True,True,True,True,True,True
35,Dorm_Building/Floor_2/Rooms/Room_208/Door_Entry,C1,True,True,True,True,True,True,True
35,Dorm_Building/Floor_2/Rooms/Room_208/Door_Entry,C2,True,True,True,True,True,True,True
36,Dorm_Building/Floor_3/Common/StudyRoom/Door,H,True,True,True,True,True,True,True
36,Dorm_Building/Floor_3/Common/StudyRoom/Door,C1,True,True,True,True,True,True,True
36,Dorm_Building/Floor_3/Common/StudyRoom/Door,C2,True,True,True,True,True,True,True
37,Dorm_Building/Floor_3/Rooms/Room_301/Bathroom/Door_Bathroom,H,True,True,True,True,True,True,True
37,Dorm_Building/Floor_3/Rooms/Room_301/Bathroom/Door_Bathroom,C1,True,True,True,True,True,True,True
37,Dorm_Building/Floor_3/Rooms/Room_301/Bathroom/Door_Bathroom,C2,True,True,True,True,True,True,True
38,Dorm_Building/Floor_3/Rooms/Room_301/Door_Entry,H,True,True,True,True,True,True,True
38,Dorm_Building/Floor_3/Rooms/Room_301/Door_Entry,C1,True,True,True,True,True,True,True
38,Dorm_Building/Floor_3/Rooms/Room_301/Door_Entry,C2,True,True,True,True,True,True,True
39,Dorm_Building/Floor_3/Rooms/Room_302/Bathroom/Door_Bathroom,H,True,True,True,True,True,True,True
39,Dorm_Building/Floor_3/Rooms/Room_302/Bathroom/Door_Bathroom,C1,True,True,True,True,True,True,True
39,Dorm_Building/Floor_3/Rooms/Room_302/Bathroom/Door_Bathroom,C2,True,True,True,True,True,True,True
40,Dorm_Building/Floor_3/Rooms/Room_302/Door_Entry,H,True,True,True,True,True,True,True
40,Dorm_Building/Floor_3/Rooms/Room_302/Door_Entry,C1,True,True,True,True,True,True,True
40,Dorm_Building/Floor_3/Rooms/Room_302/Door_Entry,C2,True,True,True,True,True,True,True
41,Dorm_Building/Floor_3/Rooms/Room_303/Bathroom/Door_Bathroom,H,True,True,True,True,True,True,True
41,Dorm_Building/Floor_3/Rooms/Room_303/Bathroom/Door_Bathroom,C1,True,True,True,True,True,True,True
41,Dorm_Building/Floor_3/Rooms/Room_303/Bathroom/Door_Bathroom,C2,True,True,True,True,True,True,True
42,Dorm_Building/Floor_3/Rooms/Room_303/Door_Entry,H,True,True,True,True,True,True,True
42,Dorm_Building/Floor_3/Rooms/Room_303/Door_Entry,C1,True,True,True,True,True,True,True
42,Dorm_Building/Floor_3/Rooms/Room_303/Door_Entry,C2,True,True,True,True,True,True,True
43,Dorm_Building/Floor_3/Rooms/Room_304/Bathroom/Door_Bathroom,H,True,True,True,True,True,True,True
43,Dorm_Building/Floor_3/Rooms/Room_304/Bathroom/Door_Bathroom,C1,True,True,True,True,True,True,True
43,Dorm_Building/Floor_3/Rooms/Room_304/Bathroom/Door_Bathroom,C2,True,True,True,True,True,True,True
44,Dorm_Building/Floor_3/Rooms/Room_304/Door_Entry,H,True,True,True,True,True,True,True
44,Dorm_Building/Floor_3/Rooms/Room_304/Door_Entry,C1,True,True,True,True,True,True,True
44,Dorm_Building/Floor_3/Rooms/Room_304/Door_Entry,C2,True,True,True,True,True,True,True
45,Dorm_Building/Floor_3/Rooms/Room_305/Bathroom/Door_Bathroom,H,True,True,True,True,True,True,True
45,Dorm_Building/Floor_3/Rooms/Room_305/Bathroom/Door_Bathroom,C1,True,True,True,True,True,True,True
45,Dorm_Building/Floor_3/Rooms/Room_305/Bathroom/Door_Bathroom,C2,True,True,True,True,True,True,True
46,Dorm_Building/Floor_3/Rooms/Room_305/Door_Entry,H,True,True,True,True,True,True,True
46,Dorm_Building/Floor_3/Rooms/Room_305/Door_Entry,C1,True,True,True,True,True,True,True
46,Dorm_Building/Floor_3/Rooms/Room_305/Door_Entry,C2,True,True,True,True,True,True,True
47,Dorm_Building/Floor_3/Rooms/Room_306/Bathroom/Door_Bathroom,H,True,True,True,True,True,True,True
47,Dorm_Building/Floor_3/Rooms/Room_306/Bathroom/Door_Bathroom,C1,True,True,True,True,True,True,True
47,Dorm_Building/Floor_3/Rooms/Room_306/Bathroom/Door_Bathroom,C2,True,True,True,True,True,True,True
48,Dorm_Building/Floor_3/Rooms/Room_306/Door_Entry,H,True,True,True,True,True,True,True
48,Dorm_Building/Floor_3/Rooms/Room_306/Door_Entry,C1,True,True,True,True,True,True,True
48,Dorm_Building/Floor_3/Rooms/Room_306/Door_Entry,C2,True,True,True,True,True,True,True
49,Dorm_Building/Floor_3/Rooms/Room_307/Bathroom/Door_Bathroom,H,True,True,True,True,True,True,True
49,Dorm_Building/Floor_3/Rooms/Room_307/Bathroom/Door_Bathroom,C1,True,True,True,True,True,True,True
49,Dorm_Building/Floor_3/Rooms/Room_307/Bathroom/Door_Bathroom,C2,True,True,True,True,True,True,True
50,Dorm_Building/Floor_3/Rooms/Room_307/Door_Entry,H,True,True,True,True,True,True,True
50,Dorm_Building/Floor_3/Rooms/Room_307/Door_Entry,C1,True,True,True,True,True,True,True
50,Dorm_Building/Floor_3/Rooms/Room_307/Door_Entry,C2,True,True,True,True,True,True,True
51,Dorm_Building/Floor_3/Rooms/Room_308/Bathroom/Door_Bathroom,H,True,True,True,True,True,True,True
51,Dorm_Building/Floor_3/Rooms/Room_308/Bathroom/Door_Bathroom,C1,True,True,True,True,True,True,True
51,Dorm_Building/Floor_3/Rooms/Room_308/Bathroom/Door_Bathroom,C2,True,True,True,True,True,True,True
52,Dorm_Building/Floor_3/Rooms/Room_308/Door_Entry,H,True,True,True,True,True,True,True
52,Dorm_Building/Floor_3/Rooms/Room_308/Door_Entry,C1,True,True,True,True,True,True,True
52,Dorm_Building/Floor_3/Rooms/Room_308/Door_Entry,C2,True,True,True,True,True,True,True
53,GE_Building/Floor_1/Classrooms/Room_GE101/Door_GE101,H,True,True,True,True,True,True,True
53,GE_Building/Floor_1/Classrooms/Room_GE101/Door_GE101,C1,True,True,True,True,True,True,True
53,GE_Building/Floor_1/Classrooms/Room_GE101/Door_GE101,C2,True,True,True,True,True,True,True
54,GE_Building/Floor_1/Classrooms/Room_GE102/Door_GE102,H,True,True,True,True,True,True,True
54,GE_Building/Floor_1/Classrooms/Room_GE102/Door_GE102,C1,True,True,True,True,True,True,True
54,GE_Building/Floor_1/Classrooms/Room_GE102/Door_GE102,C2,True,True,True,True,True,True,True
55,GE_Building/Floor_1/Classrooms/Room_GE103/Door_GE103,H,True,True,True,True,True,True,True
55,GE_Building/Floor_1/Classrooms/Room_GE103/Door_GE103,C1,True,True,True,True,True,True,True
55,GE_Building/Floor_1/Classrooms/Room_GE103/Door_GE103,C2,True,True,True,True,True,True,True
56,GE_Building/Floor_1/Classrooms/Room_GE104/Door_GE104,H,True,True,True,True,True,True,True
56,GE_Building/Floor_1/Classrooms/Room_GE104/Door_GE104,C1,True,True,True,True,True,True,True
56,GE_Building/Floor_1/Classrooms/Room_GE104/Door_GE104,C2,True,True,True,True,True,True,True
57,GE_Building/Floor_1/Restrooms/Restroom_Female/Door_Restroom_Female,H,True,True,True,True,True,True,True
57,GE_Building/Floor_1/Restrooms/Restroom_Female/Door_Restroom_Female,C1,True,True,True,True,True,True,True
57,GE_Building/Floor_1/Restrooms/Restroom_Female/Door_Restroom_Female,C2,True,True,True,True,True,True,True
58,GE_Building/Floor_1/Restrooms/Restroom_Male/Door_Restroom_Male,H,True,True,True,True,True,True,True
58,GE_Building/Floor_1/Restrooms/Restroom_Male/Door_Restroom_Male,C1,True,True,True,True,True,True,True
58,GE_Building/Floor_1/Restrooms/Restroom_Male/Door_Restroom_Male,C2,True,True,True,True,True,True,True
59,GE_Building/Floor_2/Classrooms/Room_GE201/Door_GE201,H,True,True,True,True,True,True,True
59,GE_Building/Floor_2/Classrooms/Room_GE201/Door_GE201,C1,True,True,True,True,True,True,True
59,GE_Building/Floor_2/Classrooms/Room_GE201/Door_GE201,C2,True,True,True,True,True,True,True
60,GE_Building/Floor_2/Classrooms/Room_GE202/Door_GE202,H,True,True,True,True,True,True,True
60,GE_Building/Floor_2/Classrooms/Room_GE202/Door_GE202,C1,True,True,True,True,True,True,True
60,GE_Building/Floor_2/Classrooms/Room_GE202/Door_GE202,C2,True,True,True,True,True,True,True
61,GE_Building/Floor_2/Classrooms/Room_GE203/Door_GE203,H,True,True,True,True,True,True,True
61,GE_Building/Floor_2/Classrooms/Room_GE203/Door_GE203,C1,True,True,True,True,True,True,True
61,GE_Building/Floor_2/Classrooms/Room_GE203/Door_GE203,C2,True,True,True,True,True,True,True
62,GE_Building/Floor_2/Classrooms/Room_GE204/Door_GE204,H,True,True,True,True,True,True,True
62,GE_Building/Floor_2/Classrooms/Room_GE204/Door_GE204,C1,True,True,True,True,True,True,True
62,GE_Building/Floor_2/Classrooms/Room_GE204/Door_GE204,C2,True,True,True,True,True,True,True
63,GE_Building/Floor_2/Restrooms/Restroom_Female/Door_Restroom_Female,H,True,True,True,True,True,True,True
63,GE_Building/Floor_2/Restrooms/Restroom_Female/Door_Restroom_Female,C1,True,True,True,True,True,True,True
63,GE_Building/Floor_2/Restrooms/Restroom_Female/Door_Restroom_Female,C2,True,True,True,True,True,True,True
64,GE_Building/Floor_2/Restrooms/Restroom_Male/Door_Restroom_Male,H,True,True,True,True,True,True,True
64,GE_Building/Floor_2/Restrooms/Restroom_Male/Door_Restroom_Male,C1,True,True,True,True,True,True,True
64,GE_Building/Floor_2/Restrooms/Restroom_Male/Door_Restroom_Male,C2,True,True,True,True,True,True,True
65,GE_Building/Floor_3/Classrooms/Room_GE301/Door_GE301,H,True,True,True,True,True,True,True
65,GE_Building/Floor_3/Classrooms/Room_GE301/Door_GE301,C1,True,True,True,True,True,True,True
65,GE_Building/Floor_3/Classrooms/Room_GE301/Door_GE301,C2,True,True,True,True,True,True,True
66,GE_Building/Floor_3/Classrooms/Room_GE302/Door_GE302,H,True,True,True,True,True,True,True
66,GE_Building/Floor_3/Classrooms/Room_GE302/Door_GE302,C1,True,True,True,True,True,True,True
66,GE_Building/Floor_3/Classrooms/Room_GE302/Door_GE302,C2,True,True,True,True,True,True,True
67,GE_Building/Floor_3/Classrooms/Room_GE303/Door_GE303,H,True,True,True,True,True,True,True
67,GE_Building/Floor_3/Classrooms/Room_GE303/Door_GE303,C1,True,True,True,True,True,True,True
67,GE_Building/Floor_3/Classrooms/Room_GE303/Door_GE303,C2,True,True,True,True,True,True,True
68,GE_Building/Floor_3/Classrooms/Room_GE304/Door_GE304,H,True,True,True,True,True,True,True
68,GE_Building/Floor_3/Classrooms/Room_GE304/Door_GE304,C1,True,True,True,True,True,True,True
68,GE_Building/Floor_3/Classrooms/Room_GE304/Door_GE304,C2,True,True,True,True,True,True,True
69,GE_Building/Floor_3/Restrooms/Restroom_Female/Door_Restroom_Female,H,True,True,True,True,True,True,True
69,GE_Building/Floor_3/Restrooms/Restroom_Female/Door_Restroom_Female,C1,True,True,True,True,True,True,True
69,GE_Building/Floor_3/Restrooms/Restroom_Female/Door_Restroom_Female,C2,True,True,True,True,True,True,True
70,GE_Building/Floor_3/Restrooms/Restroom_Male/Door_Restroom_Male,H,True,True,True,True,True,True,True
70,GE_Building/Floor_3/Restrooms/Restroom_Male/Door_Restroom_Male,C1,True,True,True,True,True,True,True
70,GE_Building/Floor_3/Restrooms/Restroom_Male/Door_Restroom_Male,C2,True,True,True,True,True,True,True
71,IT_Building/Exterior/SideExit/Door_SideExit,H,True,True,True,True,False,True,True
71,IT_Building/Exterior/SideExit/Door_SideExit,C1,True,True,True,False,True,True,True
71,IT_Building/Exterior/SideExit/Door_SideExit,C2,True,True,True,True,True,True,True
72,IT_Building/Floor_1/Restrooms/Restroom_Female/Door_Restroom_Female,H,True,True,True,True,True,True,True
72,IT_Building/Floor_1/Restrooms/Restroom_Female/Door_Restroom_Female,C1,True,True,True,True,True,True,True
72,IT_Building/Floor_1/Restrooms/Restroom_Female/Door_Restroom_Female,C2,True,True,True,True,True,True,True
73,IT_Building/Floor_1/Restrooms/Restroom_Male/Door_Restroom_Male,H,True,True,True,True,True,True,True
73,IT_Building/Floor_1/Restrooms/Restroom_Male/Door_Restroom_Male,C1,True,True,True,True,True,True,True
73,IT_Building/Floor_1/Restrooms/Restroom_Male/Door_Restroom_Male,C2,True,True,True,True,True,True,True
74,IT_Building/Floor_1/Rooms/Room_IT101/Door_IT101,H,True,True,True,True,True,True,True
74,IT_Building/Floor_1/Rooms/Room_IT101/Door_IT101,C1,True,True,True,True,True,True,True
74,IT_Building/Floor_1/Rooms/Room_IT101/Door_IT101,C2,True,True,True,True,True,True,True
75,IT_Building/Floor_1/Rooms/Room_IT102/Door_IT102,H,True,True,True,True,True,True,True
75,IT_Building/Floor_1/Rooms/Room_IT102/Door_IT102,C1,True,True,True,True,True,True,True
75,IT_Building/Floor_1/Rooms/Room_IT102/Door_IT102,C2,True,True,True,True,True,True,True
76,IT_Building/Floor_1/Rooms/Room_IT103/Door_IT103,H,True,True,True,True,True,True,True
76,IT_Building/Floor_1/Rooms/Room_IT103/Door_IT103,C1,True,True,True,True,True,True,True
76,IT_Building/Floor_1/Rooms/Room_IT103/Door_IT103,C2,True,True,True,True,True,True,True
77,IT_Building/Floor_1/Rooms/Room_IT104/Door_IT104,H,True,True,True,True,True,True,True
77,IT_Building/Floor_1/Rooms/Room_IT104/Door_IT104,C1,True,True,True,True,True,True,True
77,IT_Building/Floor_1/Rooms/Room_IT104/Door_IT104,C2,True,True,True,True,True,True,True
78,IT_Building/Floor_1/Rooms/Room_IT105/Door_IT105,H,True,True,True,True,True,True,True
78,IT_Building/Floor_1/Rooms/Room_IT105/Door_IT105,C1,True,True,True,True,True,True,True
78,IT_Building/Floor_1/Rooms/Room_IT105/Door_IT105,C2,True,True,True,True,True,True,True
79,IT_Building/Floor_1/Rooms/Room_IT106/Door_IT106,H,True,True,True,True,True,True,True
79,IT_Building/Floor_1/Rooms/Room_IT106/Door_IT106,C1,True,True,True,True,True,True,True
79,IT_Building/Floor_1/Rooms/Room_IT106/Door_IT106,C2,True,True,True,True,True,True,True
80,IT_Building/Floor_1/Rooms/Room_IT107/Door_IT107,H,True,True,True,True,True,True,True
80,IT_Building/Floor_1/Rooms/Room_IT107/Door_IT107,C1,True,True,True,True,True,True,True
80,IT_Building/Floor_1/Rooms/Room_IT107/Door_IT107,C2,True,True,True,True,True,True,True
81,IT_Building/Floor_2/Restrooms/Restroom_Female/Door_Restroom_Female,H,True,True,True,True,True,True,True
81,IT_Building/Floor_2/Restrooms/Restroom_Female/Door_Restroom_Female,C1,True,True,True,True,True,True,True
81,IT_Building/Floor_2/Restrooms/Restroom_Female/Door_Restroom_Female,C2,True,True,True,True,True,True,True
82,IT_Building/Floor_2/Restrooms/Restroom_Male/Door_Restroom_Male,H,True,True,True,True,True,True,True
82,IT_Building/Floor_2/Restrooms/Restroom_Male/Door_Restroom_Male,C1,True,True,True,True,True,True,True
82,IT_Building/Floor_2/Restrooms/Restroom_Male/Door_Restroom_Male,C2,True,True,True,True,True,True,True
83,IT_Building/Floor_2/Rooms/Room_IT201/Door_IT201,H,True,True,True,True,True,True,True
83,IT_Building/Floor_2/Rooms/Room_IT201/Door_IT201,C1,True,True,True,True,True,True,True
83,IT_Building/Floor_2/Rooms/Room_IT201/Door_IT201,C2,True,True,True,True,True,True,True
84,IT_Building/Floor_2/Rooms/Room_IT202/Door_IT202,H,True,True,True,True,True,True,True
84,IT_Building/Floor_2/Rooms/Room_IT202/Door_IT202,C1,True,True,True,True,True,True,True
84,IT_Building/Floor_2/Rooms/Room_IT202/Door_IT202,C2,True,True,True,True,True,True,True
85,IT_Building/Floor_2/Rooms/Room_IT203/Door_IT203,H,True,True,True,True,True,True,True
85,IT_Building/Floor_2/Rooms/Room_IT203/Door_IT203,C1,True,True,True,True,True,True,True
85,IT_Building/Floor_2/Rooms/Room_IT203/Door_IT203,C2,True,True,True,True,True,True,True
86,IT_Building/Floor_2/Rooms/Room_IT204/Door_IT204,H,True,True,True,True,True,True,True
86,IT_Building/Floor_2/Rooms/Room_IT204/Door_IT204,C1,True,True,True,True,True,True,True
86,IT_Building/Floor_2/Rooms/Room_IT204/Door_IT204,C2,True,True,True,True,True,True,True
87,IT_Building/Floor_2/Rooms/Room_IT205/Door_IT205,H,True,True,True,True,True,True,True
87,IT_Building/Floor_2/Rooms/Room_IT205/Door_IT205,C1,True,True,True,True,True,True,True
87,IT_Building/Floor_2/Rooms/Room_IT205/Door_IT205,C2,True,True,True,True,True,True,True
88,IT_Building/Floor_2/Rooms/Room_IT206/Door_IT206,H,True,True,True,True,True,True,True
88,IT_Building/Floor_2/Rooms/Room_IT206/Door_IT206,C1,True,True,True,True,True,True,True
88,IT_Building/Floor_2/Rooms/Room_IT206/Door_IT206,C2,True,True,True,True,True,True,True
89,IT_Building/Floor_2/Rooms/Room_IT207/Door_IT207,H,True,True,True,True,True,True,True
89,IT_Building/Floor_2/Rooms/Room_IT207/Door_IT207,C1,True,True,True,True,True,True,True
89,IT_Building/Floor_2/Rooms/Room_IT207/Door_IT207,C2,True,True,True,True,True,True,True
90,IT_Building/Floor_3/Restrooms/Restroom_Female/Door_Restroom_Female,H,True,True,True,True,True,True,True
90,IT_Building/Floor_3/Restrooms/Restroom_Female/Door_Restroom_Female,C1,True,True,True,True,True,True,True
90,IT_Building/Floor_3/Restrooms/Restroom_Female/Door_Restroom_Female,C2,True,True,True,True,True,True,True
91,IT_Building/Floor_3/Restrooms/Restroom_Male/Door_Restroom_Male,H,True,True,True,True,True,True,True
91,IT_Building/Floor_3/Restrooms/Restroom_Male/Door_Restroom_Male,C1,True,True,True,True,True,True,True
91,IT_Building/Floor_3/Restrooms/Restroom_Male/Door_Restroom_Male,C2,True,True,True,True,True,True,True
92,IT_Building/Floor_3/Rooms/Room_IT301/Door_IT301,H,True,True,True,True,True,True,True
92,IT_Building/Floor_3/Rooms/Room_IT301/Door_IT301,C1,True,True,True,True,True,True,True
92,IT_Building/Floor_3/Rooms/Room_IT301/Door_IT301,C2,True,True,True,True,True,True,True
93,IT_Building/Floor_3/Rooms/Room_IT302/Door_IT302,H,True,True,True,True,True,True,True
93,IT_Building/Floor_3/Rooms/Room_IT302/Door_IT302,C1,True,True,True,True,True,True,True
93,IT_Building/Floor_3/Rooms/Room_IT302/Door_IT302,C2,True,True,True,True,True,True,True
94,IT_Building/Floor_3/Rooms/Room_IT303/Door_IT303,H,True,True,True,True,True,True,True
94,IT_Building/Floor_3/Rooms/Room_IT303/Door_IT303,C1,True,True,True,True,True,True,True
94,IT_Building/Floor_3/Rooms/Room_IT303/Door_IT303,C2,True,True,True,True,True,True,True
95,IT_Building/Floor_3/Rooms/Room_IT304/Door_IT304,H,True,True,True,True,True,True,True
95,IT_Building/Floor_3/Rooms/Room_IT304/Door_IT304,C1,True,True,True,True,True,True,True
95,IT_Building/Floor_3/Rooms/Room_IT304/Door_IT304,C2,True,True,True,True,True,True,True
96,IT_Building/Floor_3/Rooms/Room_IT305/Door_IT305,H,True,True,True,True,True,True,True
96,IT_Building/Floor_3/Rooms/Room_IT305/Door_IT305,C1,True,True,True,True,True,True,True
96,IT_Building/Floor_3/Rooms/Room_IT305/Door_IT305,C2,True,True,True,True,True,True,True
97,IT_Building/Floor_3/Rooms/Room_IT306/Door_IT306,H,True,True,True,True,True,True,True
97,IT_Building/Floor_3/Rooms/Room_IT306/Door_IT306,C1,True,True,True,True,True,True,True
97,IT_Building/Floor_3/Rooms/Room_IT306/Door_IT306,C2,True,True,True,True,True,True,True
98,IT_Building/Floor_3/Rooms/Room_IT307/Door_IT307,H,True,True,True,True,True,True,True
98,IT_Building/Floor_3/Rooms/Room_IT307/Door_IT307,C1,True,True,True,True,True,True,True
98,IT_Building/Floor_3/Rooms/Room_IT307/Door_IT307,C2,True,True,True,True,True,True,True
99,IT_Building/Floor_4/Restrooms/Restroom_Female/Door_Restroom_Female,H,True,True,True,True,True,True,True
99,IT_Building/Floor_4/Restrooms/Restroom_Female/Door_Restroom_Female,C1,True,True,True,True,True,True,True
99,IT_Building/Floor_4/Restrooms/Restroom_Female/Door_Restroom_Female,C2,True,True,True,True,True,True,True
100,IT_Building/Floor_4/Restrooms/Restroom_Male/Door_Restroom_Male,H,True,True,True,True,True,True,True
100,IT_Building/Floor_4/Restrooms/Restroom_Male/Door_Restroom_Male,C1,True,True,True,True,True,True,True
100,IT_Building/Floor_4/Restrooms/Restroom_Male/Door_Restroom_Male,C2,True,True,True,True,True,True,True
101,IT_Building/Floor_4/Rooms/Room_IT401/Door_IT401,H,True,True,True,True,True,True,True
101,IT_Building/Floor_4/Rooms/Room_IT401/Door_IT401,C1,True,True,True,True,True,True,True
101,IT_Building/Floor_4/Rooms/Room_IT401/Door_IT401,C2,True,True,True,True,True,True,True
102,IT_Building/Floor_4/Rooms/Room_IT402/Door_IT402,H,True,True,True,True,True,True,True
102,IT_Building/Floor_4/Rooms/Room_IT402/Door_IT402,C1,True,True,True,True,True,True,True
102,IT_Building/Floor_4/Rooms/Room_IT402/Door_IT402,C2,True,True,True,True,True,True,True
103,IT_Building/Floor_4/Rooms/Room_IT403/Door_IT403,H,True,True,True,True,True,True,True
103,IT_Building/Floor_4/Rooms/Room_IT403/Door_IT403,C1,True,True,True,True,True,True,True
103,IT_Building/Floor_4/Rooms/Room_IT403/Door_IT403,C2,True,True,True,True,True,True,True
104,IT_Building/Floor_4/Rooms/Room_IT404/Door_IT404,H,True,True,True,True,True,True,True
104,IT_Building/Floor_4/Rooms/Room_IT404/Door_IT404,C1,True,True,True,True,True,True,True
104,IT_Building/Floor_4/Rooms/Room_IT404/Door_IT404,C2,True,True,True,True,True,True,True
105,IT_Building/Floor_4/Rooms/Room_IT405/Door_IT405,H,True,True,True,True,True,True,True
105,IT_Building/Floor_4/Rooms/Room_IT405/Door_IT405,C1,True,True,True,True,True,True,True
105,IT_Building/Floor_4/Rooms/Room_IT405/Door_IT405,C2,True,True,True,True,True,True,True
106,IT_Building/Floor_4/Rooms/Room_IT406/Door_IT406,H,True,True,True,True,True,True,True
106,IT_Building/Floor_4/Rooms/Room_IT406/Door_IT406,C1,True,True,True,True,True,True,True
106,IT_Building/Floor_4/Rooms/Room_IT406/Door_IT406,C2,True,True,True,True,True,True,True
107,IT_Building/Floor_4/Rooms/Room_IT407/Door_IT407,H,True,True,True,True,True,True,True
107,IT_Building/Floor_4/Rooms/Room_IT407/Door_IT407,C1,True,True,True,True,True,True,True
107,IT_Building/Floor_4/Rooms/Room_IT407/Door_IT407,C2,True,True,True,True,True,True,True
